date,product_name,category,quantity_sold,quantity_wasted,is_weekend,is_holiday,day_of_week
2024-01-01,Hot Dogs (8-pack),Meat,11,3,False,True,0
2024-01-01,Organic Strawberries,Produce,4,0,False,True,0
2024-01-01,Whole Milk (1 gallon),Dairy,83,7,False,True,0
2024-01-02,Hot Dogs (8-pack),Meat,19,1,False,False,1
2024-01-02,Organic Strawberries,Produce,7,1,False,False,1
2024-01-02,Whole Milk (1 gallon),Dairy,76,5,False,False,1
2024-01-03,Hot Dogs (8-pack),Meat,16,1,False,False,2
2024-01-03,Organic Strawberries,Produce,9,2,False,False,2
2024-01-03,Whole Milk (1 gallon),Dairy,113,8,False,False,2
2024-01-04,Hot Dogs (8-pack),Meat,20,1,False,False,3
2024-01-04,Organic Strawberries,Produce,8,1,False,False,3
2024-01-04,Whole Milk (1 gallon),Dairy,74,7,False,False,3
2024-01-05,Hot Dogs (8-pack),Meat,18,1,False,False,4
2024-01-05,Organic Strawberries,Produce,9,1,False,False,4
2024-01-05,Whole Milk (1 gallon),Dairy,97,6,False,False,4
2024-01-06,Hot Dogs (8-pack),Meat,25,2,True,False,5
2024-01-06,Organic Strawberries,Produce,7,1,True,False,5
2024-01-06,Whole Milk (1 gallon),Dairy,117,8,True,False,5
2024-01-07,Hot Dogs (8-pack),Meat,29,2,True,False,6
2024-01-07,Organic Strawberries,Produce,11,1,True,False,6
2024-01-07,Whole Milk (1 gallon),Dairy,109,8,True,False,6
2024-01-08,Hot Dogs (8-pack),Meat,10,0,False,False,0
2024-01-08,Organic Strawberries,Produce,7,1,False,False,0
2024-01-08,Whole Milk (1 gallon),Dairy,118,6,False,False,0
2024-01-09,Hot Dogs (8-pack),Meat,13,0,False,False,1
2024-01-09,Organic Strawberries,Produce,4,0,False,False,1
2024-01-09,Whole Milk (1 gallon),Dairy,112,7,False,False,1
2024-01-10,Hot Dogs (8-pack),Meat,16,1,False,False,2
2024-01-10,Organic Strawberries,Produce,8,1,False,False,2
2024-01-10,Whole Milk (1 gallon),Dairy,115,8,False,False,2
2024-01-11,Hot Dogs (8-pack),Meat,14,0,False,False,3
2024-01-11,Organic Strawberries,Produce,5,2,False,False,3
2024-01-11,Whole Milk (1 gallon),Dairy,99,10,False,False,3
2024-01-12,Hot Dogs (8-pack),Meat,28,2,False,False,4
2024-01-12,Organic Strawberries,Produce,9,2,False,False,4
2024-01-12,Whole Milk (1 gallon),Dairy,83,4,False,False,4
2024-01-13,Hot Dogs (8-pack),Meat,20,1,True,False,5
2024-01-13,Organic Strawberries,Produce,7,1,True,False,5
2024-01-13,Whole Milk (1 gallon),Dairy,104,9,True,False,5
2024-01-14,Hot Dogs (8-pack),Meat,19,1,True,False,6
2024-01-14,Organic Strawberries,Produce,10,1,True,False,6
2024-01-14,Whole Milk (1 gallon),Dairy,117,27,True,False,6
2024-01-15,Hot Dogs (8-pack),Meat,10,0,False,False,0
2024-01-15,Organic Strawberries,Produce,3,0,False,False,0
2024-01-15,Whole Milk (1 gallon),Dairy,69,6,False,False,0
2024-01-16,Hot Dogs (8-pack),Meat,14,1,False,False,1
2024-01-16,Organic Strawberries,Produce,6,1,False,False,1
2024-01-16,Whole Milk (1 gallon),Dairy,114,10,False,False,1
2024-01-17,Hot Dogs (8-pack),Meat,15,0,False,False,2
2024-01-17,Organic Strawberries,Produce,6,0,False,False,2
2024-01-17,Whole Milk (1 gallon),Dairy,115,22,False,False,2
2024-01-18,Hot Dogs (8-pack),Meat,17,1,False,False,3
2024-01-18,Organic Strawberries,Produce,7,1,False,False,3
2024-01-18,Whole Milk (1 gallon),Dairy,85,8,False,False,3
2024-01-19,Hot Dogs (8-pack),Meat,20,2,False,False,4
2024-01-19,Organic Strawberries,Produce,7,1,False,False,4
2024-01-19,Whole Milk (1 gallon),Dairy,125,11,False,False,4
2024-01-20,Hot Dogs (8-pack),Meat,17,1,True,False,5
2024-01-20,Organic Strawberries,Produce,8,2,True,False,5
2024-01-20,Whole Milk (1 gallon),Dairy,117,11,True,False,5
2024-01-21,Hot Dogs (8-pack),Meat,20,1,True,False,6
2024-01-21,Organic Strawberries,Produce,7,1,True,False,6
2024-01-21,Whole Milk (1 gallon),Dairy,138,11,True,False,6
2024-01-22,Hot Dogs (8-pack),Meat,11,0,False,False,0
2024-01-22,Organic Strawberries,Produce,4,0,False,False,0
2024-01-22,Whole Milk (1 gallon),Dairy,131,12,False,False,0
2024-01-23,Hot Dogs (8-pack),Meat,14,1,False,False,1
2024-01-23,Organic Strawberries,Produce,5,1,False,False,1
2024-01-23,Whole Milk (1 gallon),Dairy,114,8,False,False,1
2024-01-24,Hot Dogs (8-pack),Meat,12,0,False,False,2
2024-01-24,Organic Strawberries,Produce,5,0,False,False,2
2024-01-24,Whole Milk (1 gallon),Dairy,105,7,False,False,2
2024-01-25,Hot Dogs (8-pack),Meat,18,1,False,False,3
2024-01-25,Organic Strawberries,Produce,5,0,False,False,3
2024-01-25,Whole Milk (1 gallon),Dairy,100,10,False,False,3
2024-01-26,Hot Dogs (8-pack),Meat,17,1,False,False,4
2024-01-26,Organic Strawberries,Produce,5,0,False,False,4
2024-01-26,Whole Milk (1 gallon),Dairy,116,7,False,False,4
2024-01-27,Hot Dogs (8-pack),Meat,28,2,True,False,5
2024-01-27,Organic Strawberries,Produce,9,1,True,False,5
2024-01-27,Whole Milk (1 gallon),Dairy,170,11,True,False,5
2024-01-28,Hot Dogs (8-pack),Meat,10,0,True,False,6
2024-01-28,Organic Strawberries,Produce,7,1,True,False,6
2024-01-28,Whole Milk (1 gallon),Dairy,90,5,True,False,6
2024-01-29,Hot Dogs (8-pack),Meat,12,0,False,False,0
2024-01-29,Organic Strawberries,Produce,6,1,False,False,0
2024-01-29,Whole Milk (1 gallon),Dairy,100,10,False,False,0
2024-01-30,Hot Dogs (8-pack),Meat,15,1,False,False,1
2024-01-30,Organic Strawberries,Produce,4,0,False,False,1
2024-01-30,Whole Milk (1 gallon),Dairy,98,5,False,False,1
2024-01-31,Hot Dogs (8-pack),Meat,10,1,False,False,2
2024-01-31,Organic Strawberries,Produce,5,3,False,False,2
2024-01-31,Whole Milk (1 gallon),Dairy,99,9,False,False,2
2024-02-01,Hot Dogs (8-pack),Meat,7,0,False,False,3
2024-02-01,Organic Strawberries,Produce,4,0,False,False,3
2024-02-01,Whole Milk (1 gallon),Dairy,68,6,False,False,3
2024-02-02,Hot Dogs (8-pack),Meat,25,2,False,False,4
2024-02-02,Organic Strawberries,Produce,7,0,False,False,4
2024-02-02,Whole Milk (1 gallon),Dairy,117,26,False,False,4
2024-02-03,Hot Dogs (8-pack),Meat,17,1,True,False,5
2024-02-03,Organic Strawberries,Produce,7,1,True,False,5
2024-02-03,Whole Milk (1 gallon),Dairy,190,16,True,False,5
2024-02-04,Hot Dogs (8-pack),Meat,16,1,True,False,6
2024-02-04,Organic Strawberries,Produce,6,0,True,False,6
2024-02-04,Whole Milk (1 gallon),Dairy,111,6,True,False,6
2024-02-05,Hot Dogs (8-pack),Meat,7,0,False,False,0
2024-02-05,Organic Strawberries,Produce,4,0,False,False,0
2024-02-05,Whole Milk (1 gallon),Dairy,86,6,False,False,0
2024-02-06,Hot Dogs (8-pack),Meat,10,0,False,False,1
2024-02-06,Organic Strawberries,Produce,5,0,False,False,1
2024-02-06,Whole Milk (1 gallon),Dairy,106,6,False,False,1
2024-02-07,Hot Dogs (8-pack),Meat,15,1,False,False,2
2024-02-07,Organic Strawberries,Produce,7,1,False,False,2
2024-02-07,Whole Milk (1 gallon),Dairy,95,5,False,False,2
2024-02-08,Hot Dogs (8-pack),Meat,12,1,False,False,3
2024-02-08,Organic Strawberries,Produce,5,1,False,False,3
2024-02-08,Whole Milk (1 gallon),Dairy,109,9,False,False,3
2024-02-09,Hot Dogs (8-pack),Meat,16,1,False,False,4
2024-02-09,Organic Strawberries,Produce,7,1,False,False,4
2024-02-09,Whole Milk (1 gallon),Dairy,114,10,False,False,4
2024-02-10,Hot Dogs (8-pack),Meat,25,2,True,False,5
2024-02-10,Organic Strawberries,Produce,9,1,True,False,5
2024-02-10,Whole Milk (1 gallon),Dairy,170,32,True,False,5
2024-02-11,Hot Dogs (8-pack),Meat,20,2,True,False,6
2024-02-11,Organic Strawberries,Produce,9,1,True,False,6
2024-02-11,Whole Milk (1 gallon),Dairy,127,9,True,False,6
2024-02-12,Hot Dogs (8-pack),Meat,10,1,False,False,0
2024-02-12,Organic Strawberries,Produce,5,1,False,False,0
2024-02-12,Whole Milk (1 gallon),Dairy,113,10,False,False,0
2024-02-13,Hot Dogs (8-pack),Meat,11,0,False,False,1
2024-02-13,Organic Strawberries,Produce,5,0,False,False,1
2024-02-13,Whole Milk (1 gallon),Dairy,132,11,False,False,1
2024-02-14,Hot Dogs (8-pack),Meat,10,0,False,True,2
2024-02-14,Organic Strawberries,Produce,12,2,False,True,2
2024-02-14,Whole Milk (1 gallon),Dairy,123,10,False,True,2
2024-02-15,Hot Dogs (8-pack),Meat,11,0,False,False,3
2024-02-15,Organic Strawberries,Produce,5,0,False,False,3
2024-02-15,Whole Milk (1 gallon),Dairy,94,8,False,False,3
2024-02-16,Hot Dogs (8-pack),Meat,13,1,False,False,4
2024-02-16,Organic Strawberries,Produce,10,1,False,False,4
2024-02-16,Whole Milk (1 gallon),Dairy,117,9,False,False,4
2024-02-17,Hot Dogs (8-pack),Meat,17,1,True,False,5
2024-02-17,Organic Strawberries,Produce,10,1,True,False,5
2024-02-17,Whole Milk (1 gallon),Dairy,120,11,True,False,5
2024-02-18,Hot Dogs (8-pack),Meat,13,0,True,False,6
2024-02-18,Organic Strawberries,Produce,9,1,True,False,6
2024-02-18,Whole Milk (1 gallon),Dairy,109,8,True,False,6
2024-02-19,Hot Dogs (8-pack),Meat,11,1,False,False,0
2024-02-19,Organic Strawberries,Produce,7,1,False,False,0
2024-02-19,Whole Milk (1 gallon),Dairy,103,6,False,False,0
2024-02-20,Hot Dogs (8-pack),Meat,12,1,False,False,1
2024-02-20,Organic Strawberries,Produce,8,1,False,False,1
2024-02-20,Whole Milk (1 gallon),Dairy,107,6,False,False,1
2024-02-21,Hot Dogs (8-pack),Meat,7,0,False,False,2
2024-02-21,Organic Strawberries,Produce,7,0,False,False,2
2024-02-21,Whole Milk (1 gallon),Dairy,77,6,False,False,2
2024-02-22,Hot Dogs (8-pack),Meat,7,0,False,False,3
2024-02-22,Organic Strawberries,Produce,8,1,False,False,3
2024-02-22,Whole Milk (1 gallon),Dairy,94,8,False,False,3
2024-02-23,Hot Dogs (8-pack),Meat,12,0,False,False,4
2024-02-23,Organic Strawberries,Produce,10,1,False,False,4
2024-02-23,Whole Milk (1 gallon),Dairy,104,6,False,False,4
2024-02-24,Hot Dogs (8-pack),Meat,16,1,True,False,5
2024-02-24,Organic Strawberries,Produce,12,2,True,False,5
2024-02-24,Whole Milk (1 gallon),Dairy,134,13,True,False,5
2024-02-25,Hot Dogs (8-pack),Meat,14,1,True,False,6
2024-02-25,Organic Strawberries,Produce,12,1,True,False,6
2024-02-25,Whole Milk (1 gallon),Dairy,80,6,True,False,6
2024-02-26,Hot Dogs (8-pack),Meat,8,0,False,False,0
2024-02-26,Organic Strawberries,Produce,8,1,False,False,0
2024-02-26,Whole Milk (1 gallon),Dairy,108,7,False,False,0
2024-02-27,Hot Dogs (8-pack),Meat,8,0,False,False,1
2024-02-27,Organic Strawberries,Produce,8,1,False,False,1
2024-02-27,Whole Milk (1 gallon),Dairy,87,8,False,False,1
2024-02-28,Hot Dogs (8-pack),Meat,11,1,False,False,2
2024-02-28,Organic Strawberries,Produce,11,2,False,False,2
2024-02-28,Whole Milk (1 gallon),Dairy,100,6,False,False,2
2024-02-29,Hot Dogs (8-pack),Meat,16,1,False,False,3
2024-02-29,Organic Strawberries,Produce,13,2,False,False,3
2024-02-29,Whole Milk (1 gallon),Dairy,102,7,False,False,3
2024-03-01,Hot Dogs (8-pack),Meat,13,0,False,False,4
2024-03-01,Organic Strawberries,Produce,13,2,False,False,4
2024-03-01,Whole Milk (1 gallon),Dairy,100,8,False,False,4
2024-03-02,Hot Dogs (8-pack),Meat,19,1,True,False,5
2024-03-02,Organic Strawberries,Produce,16,2,True,False,5
2024-03-02,Whole Milk (1 gallon),Dairy,151,37,True,False,5
2024-03-03,Hot Dogs (8-pack),Meat,21,1,True,False,6
2024-03-03,Organic Strawberries,Produce,17,3,True,False,6
2024-03-03,Whole Milk (1 gallon),Dairy,122,11,True,False,6
2024-03-04,Hot Dogs (8-pack),Meat,9,0,False,False,0
2024-03-04,Organic Strawberries,Produce,13,1,False,False,0
2024-03-04,Whole Milk (1 gallon),Dairy,134,8,False,False,0
2024-03-05,Hot Dogs (8-pack),Meat,9,0,False,False,1
2024-03-05,Organic Strawberries,Produce,9,2,False,False,1
2024-03-05,Whole Milk (1 gallon),Dairy,80,6,False,False,1
2024-03-06,Hot Dogs (8-pack),Meat,17,1,False,False,2
2024-03-06,Organic Strawberries,Produce,13,2,False,False,2
2024-03-06,Whole Milk (1 gallon),Dairy,112,8,False,False,2
2024-03-07,Hot Dogs (8-pack),Meat,13,0,False,False,3
2024-03-07,Organic Strawberries,Produce,9,1,False,False,3
2024-03-07,Whole Milk (1 gallon),Dairy,137,8,False,False,3
2024-03-08,Hot Dogs (8-pack),Meat,12,1,False,False,4
2024-03-08,Organic Strawberries,Produce,15,2,False,False,4
2024-03-08,Whole Milk (1 gallon),Dairy,136,10,False,False,4
2024-03-09,Hot Dogs (8-pack),Meat,21,1,True,False,5
2024-03-09,Organic Strawberries,Produce,22,2,True,False,5
2024-03-09,Whole Milk (1 gallon),Dairy,139,8,True,False,5
2024-03-10,Hot Dogs (8-pack),Meat,12,1,True,False,6
2024-03-10,Organic Strawberries,Produce,21,3,True,False,6
2024-03-10,Whole Milk (1 gallon),Dairy,107,6,True,False,6
2024-03-11,Hot Dogs (8-pack),Meat,11,0,False,False,0
2024-03-11,Organic Strawberries,Produce,11,2,False,False,0
2024-03-11,Whole Milk (1 gallon),Dairy,98,6,False,False,0
2024-03-12,Hot Dogs (8-pack),Meat,13,1,False,False,1
2024-03-12,Organic Strawberries,Produce,16,2,False,False,1
2024-03-12,Whole Milk (1 gallon),Dairy,89,6,False,False,1
2024-03-13,Hot Dogs (8-pack),Meat,13,1,False,False,2
2024-03-13,Organic Strawberries,Produce,14,1,False,False,2
2024-03-13,Whole Milk (1 gallon),Dairy,84,7,False,False,2
2024-03-14,Hot Dogs (8-pack),Meat,17,1,False,False,3
2024-03-14,Organic Strawberries,Produce,13,2,False,False,3
2024-03-14,Whole Milk (1 gallon),Dairy,74,7,False,False,3
2024-03-15,Hot Dogs (8-pack),Meat,25,1,False,False,4
2024-03-15,Organic Strawberries,Produce,21,7,False,False,4
2024-03-15,Whole Milk (1 gallon),Dairy,133,12,False,False,4
2024-03-16,Hot Dogs (8-pack),Meat,12,1,True,False,5
2024-03-16,Organic Strawberries,Produce,21,4,True,False,5
2024-03-16,Whole Milk (1 gallon),Dairy,154,14,True,False,5
2024-03-17,Hot Dogs (8-pack),Meat,14,2,True,False,6
2024-03-17,Organic Strawberries,Produce,30,4,True,False,6
2024-03-17,Whole Milk (1 gallon),Dairy,106,9,True,False,6
2024-03-18,Hot Dogs (8-pack),Meat,9,0,False,False,0
2024-03-18,Organic Strawberries,Produce,16,2,False,False,0
2024-03-18,Whole Milk (1 gallon),Dairy,133,11,False,False,0
2024-03-19,Hot Dogs (8-pack),Meat,17,1,False,False,1
2024-03-19,Organic Strawberries,Produce,19,3,False,False,1
2024-03-19,Whole Milk (1 gallon),Dairy,97,5,False,False,1
2024-03-20,Hot Dogs (8-pack),Meat,15,1,False,False,2
2024-03-20,Organic Strawberries,Produce,26,4,False,False,2
2024-03-20,Whole Milk (1 gallon),Dairy,112,9,False,False,2
2024-03-21,Hot Dogs (8-pack),Meat,13,1,False,False,3
2024-03-21,Organic Strawberries,Produce,17,3,False,False,3
2024-03-21,Whole Milk (1 gallon),Dairy,134,9,False,False,3
2024-03-22,Hot Dogs (8-pack),Meat,18,2,False,False,4
2024-03-22,Organic Strawberries,Produce,22,12,False,False,4
2024-03-22,Whole Milk (1 gallon),Dairy,99,7,False,False,4
2024-03-23,Hot Dogs (8-pack),Meat,22,1,True,False,5
2024-03-23,Organic Strawberries,Produce,35,4,True,False,5
2024-03-23,Whole Milk (1 gallon),Dairy,136,9,True,False,5
2024-03-24,Hot Dogs (8-pack),Meat,23,2,True,False,6
2024-03-24,Organic Strawberries,Produce,27,5,True,False,6
2024-03-24,Whole Milk (1 gallon),Dairy,137,7,True,False,6
2024-03-25,Hot Dogs (8-pack),Meat,13,1,False,False,0
2024-03-25,Organic Strawberries,Produce,21,4,False,False,0
2024-03-25,Whole Milk (1 gallon),Dairy,133,13,False,False,0
2024-03-26,Hot Dogs (8-pack),Meat,13,1,False,False,1
2024-03-26,Organic Strawberries,Produce,26,5,False,False,1
2024-03-26,Whole Milk (1 gallon),Dairy,91,12,False,False,1
2024-03-27,Hot Dogs (8-pack),Meat,14,1,False,False,2
2024-03-27,Organic Strawberries,Produce,25,4,False,False,2
2024-03-27,Whole Milk (1 gallon),Dairy,91,7,False,False,2
2024-03-28,Hot Dogs (8-pack),Meat,15,1,False,False,3
2024-03-28,Organic Strawberries,Produce,31,4,False,False,3
2024-03-28,Whole Milk (1 gallon),Dairy,100,5,False,False,3
2024-03-29,Hot Dogs (8-pack),Meat,20,1,False,False,4
2024-03-29,Organic Strawberries,Produce,28,3,False,False,4
2024-03-29,Whole Milk (1 gallon),Dairy,107,8,False,False,4
2024-03-30,Hot Dogs (8-pack),Meat,21,1,True,False,5
2024-03-30,Organic Strawberries,Produce,29,6,True,False,5
2024-03-30,Whole Milk (1 gallon),Dairy,124,9,True,False,5
2024-03-31,Hot Dogs (8-pack),Meat,21,2,True,False,6
2024-03-31,Organic Strawberries,Produce,29,3,True,False,6
2024-03-31,Whole Milk (1 gallon),Dairy,135,10,True,False,6
2024-04-01,Hot Dogs (8-pack),Meat,16,1,False,False,0
2024-04-01,Organic Strawberries,Produce,28,5,False,False,0
2024-04-01,Whole Milk (1 gallon),Dairy,114,11,False,False,0
2024-04-02,Hot Dogs (8-pack),Meat,15,1,False,False,1
2024-04-02,Organic Strawberries,Produce,28,5,False,False,1
2024-04-02,Whole Milk (1 gallon),Dairy,106,6,False,False,1
2024-04-03,Hot Dogs (8-pack),Meat,12,1,False,False,2
2024-04-03,Organic Strawberries,Produce,32,6,False,False,2
2024-04-03,Whole Milk (1 gallon),Dairy,109,10,False,False,2
2024-04-04,Hot Dogs (8-pack),Meat,19,1,False,False,3
2024-04-04,Organic Strawberries,Produce,36,5,False,False,3
2024-04-04,Whole Milk (1 gallon),Dairy,115,10,False,False,3
2024-04-05,Hot Dogs (8-pack),Meat,22,4,False,False,4
2024-04-05,Organic Strawberries,Produce,40,5,False,False,4
2024-04-05,Whole Milk (1 gallon),Dairy,126,9,False,False,4
2024-04-06,Hot Dogs (8-pack),Meat,22,1,True,False,5
2024-04-06,Organic Strawberries,Produce,49,7,True,False,5
2024-04-06,Whole Milk (1 gallon),Dairy,95,8,True,False,5
2024-04-07,Hot Dogs (8-pack),Meat,24,2,True,False,6
2024-04-07,Organic Strawberries,Produce,36,5,True,False,6
2024-04-07,Whole Milk (1 gallon),Dairy,108,9,True,False,6
2024-04-08,Hot Dogs (8-pack),Meat,19,1,False,False,0
2024-04-08,Organic Strawberries,Produce,26,3,False,False,0
2024-04-08,Whole Milk (1 gallon),Dairy,98,6,False,False,0
2024-04-09,Hot Dogs (8-pack),Meat,17,1,False,False,1
2024-04-09,Organic Strawberries,Produce,32,6,False,False,1
2024-04-09,Whole Milk (1 gallon),Dairy,114,7,False,False,1
2024-04-10,Hot Dogs (8-pack),Meat,17,1,False,False,2
2024-04-10,Organic Strawberries,Produce,35,4,False,False,2
2024-04-10,Whole Milk (1 gallon),Dairy,79,4,False,False,2
2024-04-11,Hot Dogs (8-pack),Meat,22,1,False,False,3
2024-04-11,Organic Strawberries,Produce,21,3,False,False,3
2024-04-11,Whole Milk (1 gallon),Dairy,116,7,False,False,3
2024-04-12,Hot Dogs (8-pack),Meat,31,4,False,False,4
2024-04-12,Organic Strawberries,Produce,47,19,False,False,4
2024-04-12,Whole Milk (1 gallon),Dairy,113,8,False,False,4
2024-04-13,Hot Dogs (8-pack),Meat,44,13,True,False,5
2024-04-13,Organic Strawberries,Produce,61,9,True,False,5
2024-04-13,Whole Milk (1 gallon),Dairy,117,6,True,False,5
2024-04-14,Hot Dogs (8-pack),Meat,29,3,True,False,6
2024-04-14,Organic Strawberries,Produce,48,10,True,False,6
2024-04-14,Whole Milk (1 gallon),Dairy,148,12,True,False,6
2024-04-15,Hot Dogs (8-pack),Meat,16,1,False,False,0
2024-04-15,Organic Strawberries,Produce,31,4,False,False,0
2024-04-15,Whole Milk (1 gallon),Dairy,94,7,False,False,0
2024-04-16,Hot Dogs (8-pack),Meat,21,2,False,False,1
2024-04-16,Organic Strawberries,Produce,36,8,False,False,1
2024-04-16,Whole Milk (1 gallon),Dairy,86,6,False,False,1
2024-04-17,Hot Dogs (8-pack),Meat,21,1,False,False,2
2024-04-17,Organic Strawberries,Produce,42,6,False,False,2
2024-04-17,Whole Milk (1 gallon),Dairy,118,9,False,False,2
2024-04-18,Hot Dogs (8-pack),Meat,24,2,False,False,3
2024-04-18,Organic Strawberries,Produce,36,8,False,False,3
2024-04-18,Whole Milk (1 gallon),Dairy,110,9,False,False,3
2024-04-19,Hot Dogs (8-pack),Meat,23,2,False,False,4
2024-04-19,Organic Strawberries,Produce,41,5,False,False,4
2024-04-19,Whole Milk (1 gallon),Dairy,117,9,False,False,4
2024-04-20,Hot Dogs (8-pack),Meat,29,3,True,False,5
2024-04-20,Organic Strawberries,Produce,57,13,True,False,5
2024-04-20,Whole Milk (1 gallon),Dairy,163,16,True,False,5
2024-04-21,Hot Dogs (8-pack),Meat,34,3,True,False,6
2024-04-21,Organic Strawberries,Produce,42,9,True,False,6
2024-04-21,Whole Milk (1 gallon),Dairy,101,18,True,False,6
2024-04-22,Hot Dogs (8-pack),Meat,21,1,False,False,0
2024-04-22,Organic Strawberries,Produce,48,10,False,False,0
2024-04-22,Whole Milk (1 gallon),Dairy,113,6,False,False,0
2024-04-23,Hot Dogs (8-pack),Meat,24,2,False,False,1
2024-04-23,Organic Strawberries,Produce,31,4,False,False,1
2024-04-23,Whole Milk (1 gallon),Dairy,106,8,False,False,1
2024-04-24,Hot Dogs (8-pack),Meat,20,2,False,False,2
2024-04-24,Organic Strawberries,Produce,30,6,False,False,2
2024-04-24,Whole Milk (1 gallon),Dairy,93,8,False,False,2
2024-04-25,Hot Dogs (8-pack),Meat,24,2,False,False,3
2024-04-25,Organic Strawberries,Produce,45,8,False,False,3
2024-04-25,Whole Milk (1 gallon),Dairy,107,9,False,False,3
2024-04-26,Hot Dogs (8-pack),Meat,34,3,False,False,4
2024-04-26,Organic Strawberries,Produce,64,8,False,False,4
2024-04-26,Whole Milk (1 gallon),Dairy,122,10,False,False,4
2024-04-27,Hot Dogs (8-pack),Meat,44,3,True,False,5
2024-04-27,Organic Strawberries,Produce,70,13,True,False,5
2024-04-27,Whole Milk (1 gallon),Dairy,151,9,True,False,5
2024-04-28,Hot Dogs (8-pack),Meat,32,2,True,False,6
2024-04-28,Organic Strawberries,Produce,43,7,True,False,6
2024-04-28,Whole Milk (1 gallon),Dairy,102,8,True,False,6
2024-04-29,Hot Dogs (8-pack),Meat,23,1,False,False,0
2024-04-29,Organic Strawberries,Produce,54,11,False,False,0
2024-04-29,Whole Milk (1 gallon),Dairy,105,7,False,False,0
2024-04-30,Hot Dogs (8-pack),Meat,34,2,False,False,1
2024-04-30,Organic Strawberries,Produce,52,11,False,False,1
2024-04-30,Whole Milk (1 gallon),Dairy,99,5,False,False,1
2024-05-01,Hot Dogs (8-pack),Meat,29,2,False,False,2
2024-05-01,Organic Strawberries,Produce,44,6,False,False,2
2024-05-01,Whole Milk (1 gallon),Dairy,91,7,False,False,2
2024-05-02,Hot Dogs (8-pack),Meat,35,2,False,False,3
2024-05-02,Organic Strawberries,Produce,34,6,False,False,3
2024-05-02,Whole Milk (1 gallon),Dairy,103,7,False,False,3
2024-05-03,Hot Dogs (8-pack),Meat,50,5,False,False,4
2024-05-03,Organic Strawberries,Produce,65,8,False,False,4
2024-05-03,Whole Milk (1 gallon),Dairy,118,7,False,False,4
2024-05-04,Hot Dogs (8-pack),Meat,49,3,True,False,5
2024-05-04,Organic Strawberries,Produce,86,19,True,False,5
2024-05-04,Whole Milk (1 gallon),Dairy,122,9,True,False,5
2024-05-05,Hot Dogs (8-pack),Meat,43,3,True,False,6
2024-05-05,Organic Strawberries,Produce,56,10,True,False,6
2024-05-05,Whole Milk (1 gallon),Dairy,133,7,True,False,6
2024-05-06,Hot Dogs (8-pack),Meat,26,2,False,False,0
2024-05-06,Organic Strawberries,Produce,58,11,False,False,0
2024-05-06,Whole Milk (1 gallon),Dairy,105,9,False,False,0
2024-05-07,Hot Dogs (8-pack),Meat,29,2,False,False,1
2024-05-07,Organic Strawberries,Produce,62,8,False,False,1
2024-05-07,Whole Milk (1 gallon),Dairy,75,4,False,False,1
2024-05-08,Hot Dogs (8-pack),Meat,30,2,False,False,2
2024-05-08,Organic Strawberries,Produce,45,8,False,False,2
2024-05-08,Whole Milk (1 gallon),Dairy,76,6,False,False,2
2024-05-09,Hot Dogs (8-pack),Meat,23,2,False,False,3
2024-05-09,Organic Strawberries,Produce,55,12,False,False,3
2024-05-09,Whole Milk (1 gallon),Dairy,96,7,False,False,3
2024-05-10,Hot Dogs (8-pack),Meat,45,5,False,False,4
2024-05-10,Organic Strawberries,Produce,59,13,False,False,4
2024-05-10,Whole Milk (1 gallon),Dairy,103,8,False,False,4
2024-05-11,Hot Dogs (8-pack),Meat,53,3,True,False,5
2024-05-11,Organic Strawberries,Produce,68,9,True,False,5
2024-05-11,Whole Milk (1 gallon),Dairy,109,7,True,False,5
2024-05-12,Hot Dogs (8-pack),Meat,48,4,True,False,6
2024-05-12,Organic Strawberries,Produce,75,13,True,False,6
2024-05-12,Whole Milk (1 gallon),Dairy,124,12,True,False,6
2024-05-13,Hot Dogs (8-pack),Meat,27,1,False,False,0
2024-05-13,Organic Strawberries,Produce,57,12,False,False,0
2024-05-13,Whole Milk (1 gallon),Dairy,118,7,False,False,0
2024-05-14,Hot Dogs (8-pack),Meat,51,5,False,False,1
2024-05-14,Organic Strawberries,Produce,57,12,False,False,1
2024-05-14,Whole Milk (1 gallon),Dairy,88,7,False,False,1
2024-05-15,Hot Dogs (8-pack),Meat,31,2,False,False,2
2024-05-15,Organic Strawberries,Produce,45,6,False,False,2
2024-05-15,Whole Milk (1 gallon),Dairy,93,7,False,False,2
2024-05-16,Hot Dogs (8-pack),Meat,30,3,False,False,3
2024-05-16,Organic Strawberries,Produce,43,8,False,False,3
2024-05-16,Whole Milk (1 gallon),Dairy,72,6,False,False,3
2024-05-17,Hot Dogs (8-pack),Meat,44,5,False,False,4
2024-05-17,Organic Strawberries,Produce,61,8,False,False,4
2024-05-17,Whole Milk (1 gallon),Dairy,95,8,False,False,4
2024-05-18,Hot Dogs (8-pack),Meat,55,4,True,False,5
2024-05-18,Organic Strawberries,Produce,125,17,True,False,5
2024-05-18,Whole Milk (1 gallon),Dairy,121,11,True,False,5
2024-05-19,Hot Dogs (8-pack),Meat,35,2,True,False,6
2024-05-19,Organic Strawberries,Produce,44,9,True,False,6
2024-05-19,Whole Milk (1 gallon),Dairy,119,12,True,False,6
2024-05-20,Hot Dogs (8-pack),Meat,36,2,False,False,0
2024-05-20,Organic Strawberries,Produce,56,9,False,False,0
2024-05-20,Whole Milk (1 gallon),Dairy,70,6,False,False,0
2024-05-21,Hot Dogs (8-pack),Meat,37,3,False,False,1
2024-05-21,Organic Strawberries,Produce,40,8,False,False,1
2024-05-21,Whole Milk (1 gallon),Dairy,80,23,False,False,1
2024-05-22,Hot Dogs (8-pack),Meat,40,3,False,False,2
2024-05-22,Organic Strawberries,Produce,63,14,False,False,2
2024-05-22,Whole Milk (1 gallon),Dairy,93,8,False,False,2
2024-05-23,Hot Dogs (8-pack),Meat,32,2,False,False,3
2024-05-23,Organic Strawberries,Produce,53,7,False,False,3
2024-05-23,Whole Milk (1 gallon),Dairy,85,7,False,False,3
2024-05-24,Hot Dogs (8-pack),Meat,41,3,False,False,4
2024-05-24,Organic Strawberries,Produce,51,10,False,False,4
2024-05-24,Whole Milk (1 gallon),Dairy,99,6,False,False,4
2024-05-25,Hot Dogs (8-pack),Meat,90,10,True,False,5
2024-05-25,Organic Strawberries,Produce,154,20,True,False,5
2024-05-25,Whole Milk (1 gallon),Dairy,183,15,True,False,5
2024-05-26,Hot Dogs (8-pack),Meat,62,5,True,False,6
2024-05-26,Organic Strawberries,Produce,120,27,True,False,6
2024-05-26,Whole Milk (1 gallon),Dairy,88,8,True,False,6
2024-05-27,Hot Dogs (8-pack),Meat,98,10,False,True,0
2024-05-27,Organic Strawberries,Produce,75,14,False,True,0
2024-05-27,Whole Milk (1 gallon),Dairy,128,8,False,True,0
2024-05-28,Hot Dogs (8-pack),Meat,46,5,False,False,1
2024-05-28,Organic Strawberries,Produce,65,13,False,False,1
2024-05-28,Whole Milk (1 gallon),Dairy,72,4,False,False,1
2024-05-29,Hot Dogs (8-pack),Meat,51,4,False,False,2
2024-05-29,Organic Strawberries,Produce,67,9,False,False,2
2024-05-29,Whole Milk (1 gallon),Dairy,99,7,False,False,2
2024-05-30,Hot Dogs (8-pack),Meat,53,3,False,False,3
2024-05-30,Organic Strawberries,Produce,82,15,False,False,3
2024-05-30,Whole Milk (1 gallon),Dairy,76,6,False,False,3
2024-05-31,Hot Dogs (8-pack),Meat,79,5,False,False,4
2024-05-31,Organic Strawberries,Produce,79,11,False,False,4
2024-05-31,Whole Milk (1 gallon),Dairy,125,11,False,False,4
2024-06-01,Hot Dogs (8-pack),Meat,53,5,True,False,5
2024-06-01,Organic Strawberries,Produce,73,16,True,False,5
2024-06-01,Whole Milk (1 gallon),Dairy,83,7,True,False,5
2024-06-02,Hot Dogs (8-pack),Meat,56,4,True,False,6
2024-06-02,Organic Strawberries,Produce,66,10,True,False,6
2024-06-02,Whole Milk (1 gallon),Dairy,73,4,True,False,6
2024-06-03,Hot Dogs (8-pack),Meat,56,5,False,False,0
2024-06-03,Organic Strawberries,Produce,89,17,False,False,0
2024-06-03,Whole Milk (1 gallon),Dairy,85,4,False,False,0
2024-06-04,Hot Dogs (8-pack),Meat,45,3,False,False,1
2024-06-04,Organic Strawberries,Produce,80,14,False,False,1
2024-06-04,Whole Milk (1 gallon),Dairy,76,5,False,False,1
2024-06-05,Hot Dogs (8-pack),Meat,50,5,False,False,2
2024-06-05,Organic Strawberries,Produce,85,16,False,False,2
2024-06-05,Whole Milk (1 gallon),Dairy,75,6,False,False,2
2024-06-06,Hot Dogs (8-pack),Meat,59,4,False,False,3
2024-06-06,Organic Strawberries,Produce,66,25,False,False,3
2024-06-06,Whole Milk (1 gallon),Dairy,68,4,False,False,3
2024-06-07,Hot Dogs (8-pack),Meat,79,7,False,False,4
2024-06-07,Organic Strawberries,Produce,88,15,False,False,4
2024-06-07,Whole Milk (1 gallon),Dairy,95,8,False,False,4
2024-06-08,Hot Dogs (8-pack),Meat,57,4,True,False,5
2024-06-08,Organic Strawberries,Produce,70,13,True,False,5
2024-06-08,Whole Milk (1 gallon),Dairy,77,5,True,False,5
2024-06-09,Hot Dogs (8-pack),Meat,49,4,True,False,6
2024-06-09,Organic Strawberries,Produce,130,17,True,False,6
2024-06-09,Whole Milk (1 gallon),Dairy,124,7,True,False,6
2024-06-10,Hot Dogs (8-pack),Meat,62,7,False,False,0
2024-06-10,Organic Strawberries,Produce,79,10,False,False,0
2024-06-10,Whole Milk (1 gallon),Dairy,78,6,False,False,0
2024-06-11,Hot Dogs (8-pack),Meat,35,3,False,False,1
2024-06-11,Organic Strawberries,Produce,88,16,False,False,1
2024-06-11,Whole Milk (1 gallon),Dairy,80,6,False,False,1
2024-06-12,Hot Dogs (8-pack),Meat,35,2,False,False,2
2024-06-12,Organic Strawberries,Produce,68,12,False,False,2
2024-06-12,Whole Milk (1 gallon),Dairy,36,3,False,False,2
2024-06-13,Hot Dogs (8-pack),Meat,58,5,False,False,3
2024-06-13,Organic Strawberries,Produce,61,11,False,False,3
2024-06-13,Whole Milk (1 gallon),Dairy,96,8,False,False,3
2024-06-14,Hot Dogs (8-pack),Meat,66,7,False,False,4
2024-06-14,Organic Strawberries,Produce,81,16,False,False,4
2024-06-14,Whole Milk (1 gallon),Dairy,100,6,False,False,4
2024-06-15,Hot Dogs (8-pack),Meat,110,9,True,False,5
2024-06-15,Organic Strawberries,Produce,117,21,True,False,5
2024-06-15,Whole Milk (1 gallon),Dairy,126,12,True,False,5
2024-06-16,Hot Dogs (8-pack),Meat,60,6,True,False,6
2024-06-16,Organic Strawberries,Produce,99,18,True,False,6
2024-06-16,Whole Milk (1 gallon),Dairy,135,8,True,False,6
2024-06-17,Hot Dogs (8-pack),Meat,41,4,False,False,0
2024-06-17,Organic Strawberries,Produce,77,17,False,False,0
2024-06-17,Whole Milk (1 gallon),Dairy,87,5,False,False,0
2024-06-18,Hot Dogs (8-pack),Meat,42,4,False,False,1
2024-06-18,Organic Strawberries,Produce,69,14,False,False,1
2024-06-18,Whole Milk (1 gallon),Dairy,95,8,False,False,1
2024-06-19,Hot Dogs (8-pack),Meat,61,4,False,False,2
2024-06-19,Organic Strawberries,Produce,94,17,False,False,2
2024-06-19,Whole Milk (1 gallon),Dairy,84,5,False,False,2
2024-06-20,Hot Dogs (8-pack),Meat,65,5,False,False,3
2024-06-20,Organic Strawberries,Produce,104,16,False,False,3
2024-06-20,Whole Milk (1 gallon),Dairy,106,10,False,False,3
2024-06-21,Hot Dogs (8-pack),Meat,82,7,False,False,4
2024-06-21,Organic Strawberries,Produce,92,12,False,False,4
2024-06-21,Whole Milk (1 gallon),Dairy,84,7,False,False,4
2024-06-22,Hot Dogs (8-pack),Meat,107,8,True,False,5
2024-06-22,Organic Strawberries,Produce,115,26,True,False,5
2024-06-22,Whole Milk (1 gallon),Dairy,101,5,True,False,5
2024-06-23,Hot Dogs (8-pack),Meat,90,7,True,False,6
2024-06-23,Organic Strawberries,Produce,124,19,True,False,6
2024-06-23,Whole Milk (1 gallon),Dairy,136,7,True,False,6
2024-06-24,Hot Dogs (8-pack),Meat,50,5,False,False,0
2024-06-24,Organic Strawberries,Produce,82,17,False,False,0
2024-06-24,Whole Milk (1 gallon),Dairy,99,8,False,False,0
2024-06-25,Hot Dogs (8-pack),Meat,41,4,False,False,1
2024-06-25,Organic Strawberries,Produce,46,8,False,False,1
2024-06-25,Whole Milk (1 gallon),Dairy,86,5,False,False,1
2024-06-26,Hot Dogs (8-pack),Meat,54,5,False,False,2
2024-06-26,Organic Strawberries,Produce,86,61,False,False,2
2024-06-26,Whole Milk (1 gallon),Dairy,96,9,False,False,2
2024-06-27,Hot Dogs (8-pack),Meat,75,5,False,False,3
2024-06-27,Organic Strawberries,Produce,109,13,False,False,3
2024-06-27,Whole Milk (1 gallon),Dairy,62,16,False,False,3
2024-06-28,Hot Dogs (8-pack),Meat,91,25,False,False,4
2024-06-28,Organic Strawberries,Produce,123,27,False,False,4
2024-06-28,Whole Milk (1 gallon),Dairy,93,9,False,False,4
2024-06-29,Hot Dogs (8-pack),Meat,94,10,True,False,5
2024-06-29,Organic Strawberries,Produce,111,21,True,False,5
2024-06-29,Whole Milk (1 gallon),Dairy,127,10,True,False,5
2024-06-30,Hot Dogs (8-pack),Meat,95,9,True,False,6
2024-06-30,Organic Strawberries,Produce,75,14,True,False,6
2024-06-30,Whole Milk (1 gallon),Dairy,91,8,True,False,6
2024-07-01,Hot Dogs (8-pack),Meat,51,5,False,False,0
2024-07-01,Organic Strawberries,Produce,72,12,False,False,0
2024-07-01,Whole Milk (1 gallon),Dairy,98,8,False,False,0
2024-07-02,Hot Dogs (8-pack),Meat,60,4,False,False,1
2024-07-02,Organic Strawberries,Produce,75,9,False,False,1
2024-07-02,Whole Milk (1 gallon),Dairy,77,5,False,False,1
2024-07-03,Hot Dogs (8-pack),Meat,95,8,False,False,2
2024-07-03,Organic Strawberries,Produce,114,14,False,False,2
2024-07-03,Whole Milk (1 gallon),Dairy,92,6,False,False,2
2024-07-04,Hot Dogs (8-pack),Meat,146,13,False,True,3
2024-07-04,Organic Strawberries,Produce,102,14,False,True,3
2024-07-04,Whole Milk (1 gallon),Dairy,126,13,False,True,3
2024-07-05,Hot Dogs (8-pack),Meat,83,6,False,False,4
2024-07-05,Organic Strawberries,Produce,75,12,False,False,4
2024-07-05,Whole Milk (1 gallon),Dairy,121,12,False,False,4
2024-07-06,Hot Dogs (8-pack),Meat,76,5,True,False,5
2024-07-06,Organic Strawberries,Produce,118,16,True,False,5
2024-07-06,Whole Milk (1 gallon),Dairy,98,9,True,False,5
2024-07-07,Hot Dogs (8-pack),Meat,116,7,True,False,6
2024-07-07,Organic Strawberries,Produce,110,21,True,False,6
2024-07-07,Whole Milk (1 gallon),Dairy,75,7,True,False,6
2024-07-08,Hot Dogs (8-pack),Meat,38,3,False,False,0
2024-07-08,Organic Strawberries,Produce,69,9,False,False,0
2024-07-08,Whole Milk (1 gallon),Dairy,57,3,False,False,0
2024-07-09,Hot Dogs (8-pack),Meat,45,4,False,False,1
2024-07-09,Organic Strawberries,Produce,82,16,False,False,1
2024-07-09,Whole Milk (1 gallon),Dairy,107,7,False,False,1
2024-07-10,Hot Dogs (8-pack),Meat,50,4,False,False,2
2024-07-10,Organic Strawberries,Produce,91,19,False,False,2
2024-07-10,Whole Milk (1 gallon),Dairy,71,6,False,False,2
2024-07-11,Hot Dogs (8-pack),Meat,43,2,False,False,3
2024-07-11,Organic Strawberries,Produce,85,12,False,False,3
2024-07-11,Whole Milk (1 gallon),Dairy,70,6,False,False,3
2024-07-12,Hot Dogs (8-pack),Meat,82,9,False,False,4
2024-07-12,Organic Strawberries,Produce,102,20,False,False,4
2024-07-12,Whole Milk (1 gallon),Dairy,84,7,False,False,4
2024-07-13,Hot Dogs (8-pack),Meat,75,4,True,False,5
2024-07-13,Organic Strawberries,Produce,115,26,True,False,5
2024-07-13,Whole Milk (1 gallon),Dairy,108,8,True,False,5
2024-07-14,Hot Dogs (8-pack),Meat,101,8,True,False,6
2024-07-14,Organic Strawberries,Produce,128,24,True,False,6
2024-07-14,Whole Milk (1 gallon),Dairy,106,8,True,False,6
2024-07-15,Hot Dogs (8-pack),Meat,60,4,False,False,0
2024-07-15,Organic Strawberries,Produce,115,24,False,False,0
2024-07-15,Whole Milk (1 gallon),Dairy,72,5,False,False,0
2024-07-16,Hot Dogs (8-pack),Meat,89,7,False,False,1
2024-07-16,Organic Strawberries,Produce,92,17,False,False,1
2024-07-16,Whole Milk (1 gallon),Dairy,68,7,False,False,1
2024-07-17,Hot Dogs (8-pack),Meat,71,6,False,False,2
2024-07-17,Organic Strawberries,Produce,124,18,False,False,2
2024-07-17,Whole Milk (1 gallon),Dairy,72,7,False,False,2
2024-07-18,Hot Dogs (8-pack),Meat,83,6,False,False,3
2024-07-18,Organic Strawberries,Produce,121,16,False,False,3
2024-07-18,Whole Milk (1 gallon),Dairy,78,7,False,False,3
2024-07-19,Hot Dogs (8-pack),Meat,82,6,False,False,4
2024-07-19,Organic Strawberries,Produce,115,25,False,False,4
2024-07-19,Whole Milk (1 gallon),Dairy,79,5,False,False,4
2024-07-20,Hot Dogs (8-pack),Meat,131,12,True,False,5
2024-07-20,Organic Strawberries,Produce,129,29,True,False,5
2024-07-20,Whole Milk (1 gallon),Dairy,117,7,True,False,5
2024-07-21,Hot Dogs (8-pack),Meat,80,7,True,False,6
2024-07-21,Organic Strawberries,Produce,127,28,True,False,6
2024-07-21,Whole Milk (1 gallon),Dairy,119,29,True,False,6
2024-07-22,Hot Dogs (8-pack),Meat,86,6,False,False,0
2024-07-22,Organic Strawberries,Produce,99,13,False,False,0
2024-07-22,Whole Milk (1 gallon),Dairy,75,24,False,False,0
2024-07-23,Hot Dogs (8-pack),Meat,60,6,False,False,1
2024-07-23,Organic Strawberries,Produce,89,18,False,False,1
2024-07-23,Whole Milk (1 gallon),Dairy,78,6,False,False,1
2024-07-24,Hot Dogs (8-pack),Meat,57,4,False,False,2
2024-07-24,Organic Strawberries,Produce,95,12,False,False,2
2024-07-24,Whole Milk (1 gallon),Dairy,64,6,False,False,2
2024-07-25,Hot Dogs (8-pack),Meat,41,3,False,False,3
2024-07-25,Organic Strawberries,Produce,74,15,False,False,3
2024-07-25,Whole Milk (1 gallon),Dairy,64,6,False,False,3
2024-07-26,Hot Dogs (8-pack),Meat,110,10,False,False,4
2024-07-26,Organic Strawberries,Produce,113,20,False,False,4
2024-07-26,Whole Milk (1 gallon),Dairy,89,7,False,False,4
2024-07-27,Hot Dogs (8-pack),Meat,99,7,True,False,5
2024-07-27,Organic Strawberries,Produce,136,25,True,False,5
2024-07-27,Whole Milk (1 gallon),Dairy,102,9,True,False,5
2024-07-28,Hot Dogs (8-pack),Meat,73,7,True,False,6
2024-07-28,Organic Strawberries,Produce,133,20,True,False,6
2024-07-28,Whole Milk (1 gallon),Dairy,68,6,True,False,6
2024-07-29,Hot Dogs (8-pack),Meat,62,4,False,False,0
2024-07-29,Organic Strawberries,Produce,72,14,False,False,0
2024-07-29,Whole Milk (1 gallon),Dairy,70,5,False,False,0
2024-07-30,Hot Dogs (8-pack),Meat,53,6,False,False,1
2024-07-30,Organic Strawberries,Produce,86,19,False,False,1
2024-07-30,Whole Milk (1 gallon),Dairy,89,7,False,False,1
2024-07-31,Hot Dogs (8-pack),Meat,87,10,False,False,2
2024-07-31,Organic Strawberries,Produce,77,9,False,False,2
2024-07-31,Whole Milk (1 gallon),Dairy,90,9,False,False,2
2024-08-01,Hot Dogs (8-pack),Meat,65,5,False,False,3
2024-08-01,Organic Strawberries,Produce,80,38,False,False,3
2024-08-01,Whole Milk (1 gallon),Dairy,91,6,False,False,3
2024-08-02,Hot Dogs (8-pack),Meat,80,7,False,False,4
2024-08-02,Organic Strawberries,Produce,99,16,False,False,4
2024-08-02,Whole Milk (1 gallon),Dairy,99,9,False,False,4
2024-08-03,Hot Dogs (8-pack),Meat,142,11,True,False,5
2024-08-03,Organic Strawberries,Produce,160,31,True,False,5
2024-08-03,Whole Milk (1 gallon),Dairy,78,5,True,False,5
2024-08-04,Hot Dogs (8-pack),Meat,63,4,True,False,6
2024-08-04,Organic Strawberries,Produce,82,14,True,False,6
2024-08-04,Whole Milk (1 gallon),Dairy,79,5,True,False,6
2024-08-05,Hot Dogs (8-pack),Meat,78,7,False,False,0
2024-08-05,Organic Strawberries,Produce,55,6,False,False,0
2024-08-05,Whole Milk (1 gallon),Dairy,85,7,False,False,0
2024-08-06,Hot Dogs (8-pack),Meat,66,4,False,False,1
2024-08-06,Organic Strawberries,Produce,82,17,False,False,1
2024-08-06,Whole Milk (1 gallon),Dairy,65,6,False,False,1
2024-08-07,Hot Dogs (8-pack),Meat,58,6,False,False,2
2024-08-07,Organic Strawberries,Produce,62,12,False,False,2
2024-08-07,Whole Milk (1 gallon),Dairy,77,5,False,False,2
2024-08-08,Hot Dogs (8-pack),Meat,72,4,False,False,3
2024-08-08,Organic Strawberries,Produce,63,11,False,False,3
2024-08-08,Whole Milk (1 gallon),Dairy,83,5,False,False,3
2024-08-09,Hot Dogs (8-pack),Meat,93,7,False,False,4
2024-08-09,Organic Strawberries,Produce,85,16,False,False,4
2024-08-09,Whole Milk (1 gallon),Dairy,106,7,False,False,4
2024-08-10,Hot Dogs (8-pack),Meat,84,9,True,False,5
2024-08-10,Organic Strawberries,Produce,125,27,True,False,5
2024-08-10,Whole Milk (1 gallon),Dairy,105,7,True,False,5
2024-08-11,Hot Dogs (8-pack),Meat,60,4,True,False,6
2024-08-11,Organic Strawberries,Produce,84,14,True,False,6
2024-08-11,Whole Milk (1 gallon),Dairy,73,13,True,False,6
2024-08-12,Hot Dogs (8-pack),Meat,61,4,False,False,0
2024-08-12,Organic Strawberries,Produce,81,11,False,False,0
2024-08-12,Whole Milk (1 gallon),Dairy,86,7,False,False,0
2024-08-13,Hot Dogs (8-pack),Meat,43,4,False,False,1
2024-08-13,Organic Strawberries,Produce,56,12,False,False,1
2024-08-13,Whole Milk (1 gallon),Dairy,63,4,False,False,1
2024-08-14,Hot Dogs (8-pack),Meat,74,12,False,False,2
2024-08-14,Organic Strawberries,Produce,93,18,False,False,2
2024-08-14,Whole Milk (1 gallon),Dairy,82,5,False,False,2
2024-08-15,Hot Dogs (8-pack),Meat,63,4,False,False,3
2024-08-15,Organic Strawberries,Produce,63,13,False,False,3
2024-08-15,Whole Milk (1 gallon),Dairy,67,5,False,False,3
2024-08-16,Hot Dogs (8-pack),Meat,70,7,False,False,4
2024-08-16,Organic Strawberries,Produce,75,53,False,False,4
2024-08-16,Whole Milk (1 gallon),Dairy,68,6,False,False,4
2024-08-17,Hot Dogs (8-pack),Meat,101,11,True,False,5
2024-08-17,Organic Strawberries,Produce,102,16,True,False,5
2024-08-17,Whole Milk (1 gallon),Dairy,78,6,True,False,5
2024-08-18,Hot Dogs (8-pack),Meat,72,7,True,False,6
2024-08-18,Organic Strawberries,Produce,77,14,True,False,6
2024-08-18,Whole Milk (1 gallon),Dairy,102,7,True,False,6
2024-08-19,Hot Dogs (8-pack),Meat,64,5,False,False,0
2024-08-19,Organic Strawberries,Produce,79,14,False,False,0
2024-08-19,Whole Milk (1 gallon),Dairy,81,5,False,False,0
2024-08-20,Hot Dogs (8-pack),Meat,67,6,False,False,1
2024-08-20,Organic Strawberries,Produce,75,16,False,False,1
2024-08-20,Whole Milk (1 gallon),Dairy,85,8,False,False,1
2024-08-21,Hot Dogs (8-pack),Meat,52,6,False,False,2
2024-08-21,Organic Strawberries,Produce,58,31,False,False,2
2024-08-21,Whole Milk (1 gallon),Dairy,73,5,False,False,2
2024-08-22,Hot Dogs (8-pack),Meat,57,5,False,False,3
2024-08-22,Organic Strawberries,Produce,67,14,False,False,3
2024-08-22,Whole Milk (1 gallon),Dairy,66,4,False,False,3
2024-08-23,Hot Dogs (8-pack),Meat,101,10,False,False,4
2024-08-23,Organic Strawberries,Produce,82,11,False,False,4
2024-08-23,Whole Milk (1 gallon),Dairy,91,21,False,False,4
2024-08-24,Hot Dogs (8-pack),Meat,133,11,True,False,5
2024-08-24,Organic Strawberries,Produce,126,26,True,False,5
2024-08-24,Whole Milk (1 gallon),Dairy,154,14,True,False,5
2024-08-25,Hot Dogs (8-pack),Meat,83,8,True,False,6
2024-08-25,Organic Strawberries,Produce,132,26,True,False,6
2024-08-25,Whole Milk (1 gallon),Dairy,106,7,True,False,6
2024-08-26,Hot Dogs (8-pack),Meat,51,5,False,False,0
2024-08-26,Organic Strawberries,Produce,82,18,False,False,0
2024-08-26,Whole Milk (1 gallon),Dairy,76,16,False,False,0
2024-08-27,Hot Dogs (8-pack),Meat,55,6,False,False,1
2024-08-27,Organic Strawberries,Produce,57,12,False,False,1
2024-08-27,Whole Milk (1 gallon),Dairy,57,5,False,False,1
2024-08-28,Hot Dogs (8-pack),Meat,68,6,False,False,2
2024-08-28,Organic Strawberries,Produce,76,10,False,False,2
2024-08-28,Whole Milk (1 gallon),Dairy,72,4,False,False,2
2024-08-29,Hot Dogs (8-pack),Meat,69,5,False,False,3
2024-08-29,Organic Strawberries,Produce,82,10,False,False,3
2024-08-29,Whole Milk (1 gallon),Dairy,72,5,False,False,3
2024-08-30,Hot Dogs (8-pack),Meat,82,8,False,False,4
2024-08-30,Organic Strawberries,Produce,82,10,False,False,4
2024-08-30,Whole Milk (1 gallon),Dairy,65,3,False,False,4
2024-08-31,Hot Dogs (8-pack),Meat,164,11,True,False,5
2024-08-31,Organic Strawberries,Produce,153,29,True,False,5
2024-08-31,Whole Milk (1 gallon),Dairy,125,8,True,False,5
2024-09-01,Hot Dogs (8-pack),Meat,131,11,True,False,6
2024-09-01,Organic Strawberries,Produce,133,18,True,False,6
2024-09-01,Whole Milk (1 gallon),Dairy,144,10,True,False,6
2024-09-02,Hot Dogs (8-pack),Meat,104,6,False,True,0
2024-09-02,Organic Strawberries,Produce,62,12,False,True,0
2024-09-02,Whole Milk (1 gallon),Dairy,101,7,False,True,0
2024-09-03,Hot Dogs (8-pack),Meat,65,6,False,False,1
2024-09-03,Organic Strawberries,Produce,83,41,False,False,1
2024-09-03,Whole Milk (1 gallon),Dairy,63,4,False,False,1
2024-09-04,Hot Dogs (8-pack),Meat,59,5,False,False,2
2024-09-04,Organic Strawberries,Produce,80,10,False,False,2
2024-09-04,Whole Milk (1 gallon),Dairy,79,7,False,False,2
2024-09-05,Hot Dogs (8-pack),Meat,54,5,False,False,3
2024-09-05,Organic Strawberries,Produce,62,14,False,False,3
2024-09-05,Whole Milk (1 gallon),Dairy,72,10,False,False,3
2024-09-06,Hot Dogs (8-pack),Meat,111,7,False,False,4
2024-09-06,Organic Strawberries,Produce,86,14,False,False,4
2024-09-06,Whole Milk (1 gallon),Dairy,81,6,False,False,4
2024-09-07,Hot Dogs (8-pack),Meat,87,6,True,False,5
2024-09-07,Organic Strawberries,Produce,86,18,True,False,5
2024-09-07,Whole Milk (1 gallon),Dairy,86,6,True,False,5
2024-09-08,Hot Dogs (8-pack),Meat,52,5,True,False,6
2024-09-08,Organic Strawberries,Produce,84,18,True,False,6
2024-09-08,Whole Milk (1 gallon),Dairy,74,6,True,False,6
2024-09-09,Hot Dogs (8-pack),Meat,54,6,False,False,0
2024-09-09,Organic Strawberries,Produce,61,11,False,False,0
2024-09-09,Whole Milk (1 gallon),Dairy,63,5,False,False,0
2024-09-10,Hot Dogs (8-pack),Meat,62,4,False,False,1
2024-09-10,Organic Strawberries,Produce,73,12,False,False,1
2024-09-10,Whole Milk (1 gallon),Dairy,78,5,False,False,1
2024-09-11,Hot Dogs (8-pack),Meat,56,5,False,False,2
2024-09-11,Organic Strawberries,Produce,73,16,False,False,2
2024-09-11,Whole Milk (1 gallon),Dairy,92,5,False,False,2
2024-09-12,Hot Dogs (8-pack),Meat,57,4,False,False,3
2024-09-12,Organic Strawberries,Produce,77,15,False,False,3
2024-09-12,Whole Milk (1 gallon),Dairy,66,5,False,False,3
2024-09-13,Hot Dogs (8-pack),Meat,86,7,False,False,4
2024-09-13,Organic Strawberries,Produce,81,12,False,False,4
2024-09-13,Whole Milk (1 gallon),Dairy,92,9,False,False,4
2024-09-14,Hot Dogs (8-pack),Meat,107,11,True,False,5
2024-09-14,Organic Strawberries,Produce,88,15,True,False,5
2024-09-14,Whole Milk (1 gallon),Dairy,117,10,True,False,5
2024-09-15,Hot Dogs (8-pack),Meat,82,15,True,False,6
2024-09-15,Organic Strawberries,Produce,98,14,True,False,6
2024-09-15,Whole Milk (1 gallon),Dairy,91,8,True,False,6
2024-09-16,Hot Dogs (8-pack),Meat,82,6,False,False,0
2024-09-16,Organic Strawberries,Produce,68,9,False,False,0
2024-09-16,Whole Milk (1 gallon),Dairy,85,6,False,False,0
2024-09-17,Hot Dogs (8-pack),Meat,66,4,False,False,1
2024-09-17,Organic Strawberries,Produce,83,14,False,False,1
2024-09-17,Whole Milk (1 gallon),Dairy,88,6,False,False,1
2024-09-18,Hot Dogs (8-pack),Meat,48,3,False,False,2
2024-09-18,Organic Strawberries,Produce,70,9,False,False,2
2024-09-18,Whole Milk (1 gallon),Dairy,50,4,False,False,2
2024-09-19,Hot Dogs (8-pack),Meat,52,5,False,False,3
2024-09-19,Organic Strawberries,Produce,46,6,False,False,3
2024-09-19,Whole Milk (1 gallon),Dairy,72,4,False,False,3
2024-09-20,Hot Dogs (8-pack),Meat,100,8,False,False,4
2024-09-20,Organic Strawberries,Produce,85,18,False,False,4
2024-09-20,Whole Milk (1 gallon),Dairy,79,7,False,False,4
2024-09-21,Hot Dogs (8-pack),Meat,95,8,True,False,5
2024-09-21,Organic Strawberries,Produce,95,20,True,False,5
2024-09-21,Whole Milk (1 gallon),Dairy,118,6,True,False,5
2024-09-22,Hot Dogs (8-pack),Meat,61,4,True,False,6
2024-09-22,Organic Strawberries,Produce,80,13,True,False,6
2024-09-22,Whole Milk (1 gallon),Dairy,105,7,True,False,6
2024-09-23,Hot Dogs (8-pack),Meat,57,3,False,False,0
2024-09-23,Organic Strawberries,Produce,40,7,False,False,0
2024-09-23,Whole Milk (1 gallon),Dairy,105,9,False,False,0
2024-09-24,Hot Dogs (8-pack),Meat,59,5,False,False,1
2024-09-24,Organic Strawberries,Produce,64,13,False,False,1
2024-09-24,Whole Milk (1 gallon),Dairy,66,4,False,False,1
2024-09-25,Hot Dogs (8-pack),Meat,66,6,False,False,2
2024-09-25,Organic Strawberries,Produce,71,14,False,False,2
2024-09-25,Whole Milk (1 gallon),Dairy,79,5,False,False,2
2024-09-26,Hot Dogs (8-pack),Meat,56,5,False,False,3
2024-09-26,Organic Strawberries,Produce,60,9,False,False,3
2024-09-26,Whole Milk (1 gallon),Dairy,78,4,False,False,3
2024-09-27,Hot Dogs (8-pack),Meat,70,7,False,False,4
2024-09-27,Organic Strawberries,Produce,73,15,False,False,4
2024-09-27,Whole Milk (1 gallon),Dairy,100,7,False,False,4
2024-09-28,Hot Dogs (8-pack),Meat,79,8,True,False,5
2024-09-28,Organic Strawberries,Produce,58,8,True,False,5
2024-09-28,Whole Milk (1 gallon),Dairy,85,5,True,False,5
2024-09-29,Hot Dogs (8-pack),Meat,67,4,True,False,6
2024-09-29,Organic Strawberries,Produce,47,6,True,False,6
2024-09-29,Whole Milk (1 gallon),Dairy,73,5,True,False,6
2024-09-30,Hot Dogs (8-pack),Meat,53,4,False,False,0
2024-09-30,Organic Strawberries,Produce,63,14,False,False,0
2024-09-30,Whole Milk (1 gallon),Dairy,88,5,False,False,0
2024-10-01,Hot Dogs (8-pack),Meat,46,2,False,False,1
2024-10-01,Organic Strawberries,Produce,50,10,False,False,1
2024-10-01,Whole Milk (1 gallon),Dairy,73,6,False,False,1
2024-10-02,Hot Dogs (8-pack),Meat,57,5,False,False,2
2024-10-02,Organic Strawberries,Produce,47,9,False,False,2
2024-10-02,Whole Milk (1 gallon),Dairy,84,8,False,False,2
2024-10-03,Hot Dogs (8-pack),Meat,50,4,False,False,3
2024-10-03,Organic Strawberries,Produce,62,10,False,False,3
2024-10-03,Whole Milk (1 gallon),Dairy,74,7,False,False,3
2024-10-04,Hot Dogs (8-pack),Meat,72,6,False,False,4
2024-10-04,Organic Strawberries,Produce,64,14,False,False,4
2024-10-04,Whole Milk (1 gallon),Dairy,105,8,False,False,4
2024-10-05,Hot Dogs (8-pack),Meat,88,8,True,False,5
2024-10-05,Organic Strawberries,Produce,88,12,True,False,5
2024-10-05,Whole Milk (1 gallon),Dairy,128,8,True,False,5
2024-10-06,Hot Dogs (8-pack),Meat,62,3,True,False,6
2024-10-06,Organic Strawberries,Produce,70,12,True,False,6
2024-10-06,Whole Milk (1 gallon),Dairy,107,9,True,False,6
2024-10-07,Hot Dogs (8-pack),Meat,46,4,False,False,0
2024-10-07,Organic Strawberries,Produce,57,10,False,False,0
2024-10-07,Whole Milk (1 gallon),Dairy,77,7,False,False,0
2024-10-08,Hot Dogs (8-pack),Meat,45,4,False,False,1
2024-10-08,Organic Strawberries,Produce,50,8,False,False,1
2024-10-08,Whole Milk (1 gallon),Dairy,79,5,False,False,1
2024-10-09,Hot Dogs (8-pack),Meat,57,6,False,False,2
2024-10-09,Organic Strawberries,Produce,60,9,False,False,2
2024-10-09,Whole Milk (1 gallon),Dairy,86,8,False,False,2
2024-10-10,Hot Dogs (8-pack),Meat,44,3,False,False,3
2024-10-10,Organic Strawberries,Produce,47,10,False,False,3
2024-10-10,Whole Milk (1 gallon),Dairy,83,6,False,False,3
2024-10-11,Hot Dogs (8-pack),Meat,59,4,False,False,4
2024-10-11,Organic Strawberries,Produce,54,8,False,False,4
2024-10-11,Whole Milk (1 gallon),Dairy,89,7,False,False,4
2024-10-12,Hot Dogs (8-pack),Meat,77,6,True,False,5
2024-10-12,Organic Strawberries,Produce,61,13,True,False,5
2024-10-12,Whole Milk (1 gallon),Dairy,78,7,True,False,5
2024-10-13,Hot Dogs (8-pack),Meat,58,4,True,False,6
2024-10-13,Organic Strawberries,Produce,76,11,True,False,6
2024-10-13,Whole Milk (1 gallon),Dairy,64,3,True,False,6
2024-10-14,Hot Dogs (8-pack),Meat,50,4,False,False,0
2024-10-14,Organic Strawberries,Produce,47,9,False,False,0
2024-10-14,Whole Milk (1 gallon),Dairy,91,9,False,False,0
2024-10-15,Hot Dogs (8-pack),Meat,48,3,False,False,1
2024-10-15,Organic Strawberries,Produce,38,7,False,False,1
2024-10-15,Whole Milk (1 gallon),Dairy,81,6,False,False,1
2024-10-16,Hot Dogs (8-pack),Meat,65,5,False,False,2
2024-10-16,Organic Strawberries,Produce,49,11,False,False,2
2024-10-16,Whole Milk (1 gallon),Dairy,92,6,False,False,2
2024-10-17,Hot Dogs (8-pack),Meat,45,4,False,False,3
2024-10-17,Organic Strawberries,Produce,37,5,False,False,3
2024-10-17,Whole Milk (1 gallon),Dairy,64,6,False,False,3
2024-10-18,Hot Dogs (8-pack),Meat,62,6,False,False,4
2024-10-18,Organic Strawberries,Produce,55,11,False,False,4
2024-10-18,Whole Milk (1 gallon),Dairy,83,5,False,False,4
2024-10-19,Hot Dogs (8-pack),Meat,75,7,True,False,5
2024-10-19,Organic Strawberries,Produce,55,8,True,False,5
2024-10-19,Whole Milk (1 gallon),Dairy,133,10,True,False,5
2024-10-20,Hot Dogs (8-pack),Meat,54,6,True,False,6
2024-10-20,Organic Strawberries,Produce,48,6,True,False,6
2024-10-20,Whole Milk (1 gallon),Dairy,92,7,True,False,6
2024-10-21,Hot Dogs (8-pack),Meat,38,4,False,False,0
2024-10-21,Organic Strawberries,Produce,31,5,False,False,0
2024-10-21,Whole Milk (1 gallon),Dairy,105,6,False,False,0
2024-10-22,Hot Dogs (8-pack),Meat,35,2,False,False,1
2024-10-22,Organic Strawberries,Produce,25,5,False,False,1
2024-10-22,Whole Milk (1 gallon),Dairy,82,6,False,False,1
2024-10-23,Hot Dogs (8-pack),Meat,27,2,False,False,2
2024-10-23,Organic Strawberries,Produce,29,4,False,False,2
2024-10-23,Whole Milk (1 gallon),Dairy,57,4,False,False,2
2024-10-24,Hot Dogs (8-pack),Meat,30,1,False,False,3
2024-10-24,Organic Strawberries,Produce,28,5,False,False,3
2024-10-24,Whole Milk (1 gallon),Dairy,63,5,False,False,3
2024-10-25,Hot Dogs (8-pack),Meat,48,4,False,False,4
2024-10-25,Organic Strawberries,Produce,29,5,False,False,4
2024-10-25,Whole Milk (1 gallon),Dairy,56,5,False,False,4
2024-10-26,Hot Dogs (8-pack),Meat,72,8,True,False,5
2024-10-26,Organic Strawberries,Produce,57,39,True,False,5
2024-10-26,Whole Milk (1 gallon),Dairy,132,9,True,False,5
2024-10-27,Hot Dogs (8-pack),Meat,53,5,True,False,6
2024-10-27,Organic Strawberries,Produce,48,10,True,False,6
2024-10-27,Whole Milk (1 gallon),Dairy,87,5,True,False,6
2024-10-28,Hot Dogs (8-pack),Meat,38,3,False,False,0
2024-10-28,Organic Strawberries,Produce,36,6,False,False,0
2024-10-28,Whole Milk (1 gallon),Dairy,66,6,False,False,0
2024-10-29,Hot Dogs (8-pack),Meat,35,3,False,False,1
2024-10-29,Organic Strawberries,Produce,43,9,False,False,1
2024-10-29,Whole Milk (1 gallon),Dairy,91,5,False,False,1
2024-10-30,Hot Dogs (8-pack),Meat,28,2,False,False,2
2024-10-30,Organic Strawberries,Produce,27,3,False,False,2
2024-10-30,Whole Milk (1 gallon),Dairy,87,7,False,False,2
2024-10-31,Hot Dogs (8-pack),Meat,69,7,False,False,3
2024-10-31,Organic Strawberries,Produce,44,9,False,False,3
2024-10-31,Whole Milk (1 gallon),Dairy,94,19,False,False,3
2024-11-01,Hot Dogs (8-pack),Meat,56,14,False,False,4
2024-11-01,Organic Strawberries,Produce,44,7,False,False,4
2024-11-01,Whole Milk (1 gallon),Dairy,87,7,False,False,4
2024-11-02,Hot Dogs (8-pack),Meat,34,2,True,False,5
2024-11-02,Organic Strawberries,Produce,30,6,True,False,5
2024-11-02,Whole Milk (1 gallon),Dairy,75,6,True,False,5
2024-11-03,Hot Dogs (8-pack),Meat,45,3,True,False,6
2024-11-03,Organic Strawberries,Produce,31,5,True,False,6
2024-11-03,Whole Milk (1 gallon),Dairy,109,10,True,False,6
2024-11-04,Hot Dogs (8-pack),Meat,40,3,False,False,0
2024-11-04,Organic Strawberries,Produce,18,2,False,False,0
2024-11-04,Whole Milk (1 gallon),Dairy,95,6,False,False,0
2024-11-05,Hot Dogs (8-pack),Meat,30,2,False,False,1
2024-11-05,Organic Strawberries,Produce,34,5,False,False,1
2024-11-05,Whole Milk (1 gallon),Dairy,73,4,False,False,1
2024-11-06,Hot Dogs (8-pack),Meat,40,3,False,False,2
2024-11-06,Organic Strawberries,Produce,29,5,False,False,2
2024-11-06,Whole Milk (1 gallon),Dairy,59,5,False,False,2
2024-11-07,Hot Dogs (8-pack),Meat,31,2,False,False,3
2024-11-07,Organic Strawberries,Produce,25,4,False,False,3
2024-11-07,Whole Milk (1 gallon),Dairy,78,4,False,False,3
2024-11-08,Hot Dogs (8-pack),Meat,49,5,False,False,4
2024-11-08,Organic Strawberries,Produce,27,5,False,False,4
2024-11-08,Whole Milk (1 gallon),Dairy,74,7,False,False,4
2024-11-09,Hot Dogs (8-pack),Meat,77,6,True,False,5
2024-11-09,Organic Strawberries,Produce,49,8,True,False,5
2024-11-09,Whole Milk (1 gallon),Dairy,123,11,True,False,5
2024-11-10,Hot Dogs (8-pack),Meat,49,5,True,False,6
2024-11-10,Organic Strawberries,Produce,48,8,True,False,6
2024-11-10,Whole Milk (1 gallon),Dairy,114,9,True,False,6
2024-11-11,Hot Dogs (8-pack),Meat,33,3,False,False,0
2024-11-11,Organic Strawberries,Produce,29,3,False,False,0
2024-11-11,Whole Milk (1 gallon),Dairy,91,8,False,False,0
2024-11-12,Hot Dogs (8-pack),Meat,33,3,False,False,1
2024-11-12,Organic Strawberries,Produce,29,4,False,False,1
2024-11-12,Whole Milk (1 gallon),Dairy,82,5,False,False,1
2024-11-13,Hot Dogs (8-pack),Meat,31,2,False,False,2
2024-11-13,Organic Strawberries,Produce,23,4,False,False,2
2024-11-13,Whole Milk (1 gallon),Dairy,78,7,False,False,2
2024-11-14,Hot Dogs (8-pack),Meat,26,2,False,False,3
2024-11-14,Organic Strawberries,Produce,21,4,False,False,3
2024-11-14,Whole Milk (1 gallon),Dairy,63,4,False,False,3
2024-11-15,Hot Dogs (8-pack),Meat,48,4,False,False,4
2024-11-15,Organic Strawberries,Produce,31,4,False,False,4
2024-11-15,Whole Milk (1 gallon),Dairy,100,10,False,False,4
2024-11-16,Hot Dogs (8-pack),Meat,41,4,True,False,5
2024-11-16,Organic Strawberries,Produce,25,4,True,False,5
2024-11-16,Whole Milk (1 gallon),Dairy,81,5,True,False,5
2024-11-17,Hot Dogs (8-pack),Meat,52,3,True,False,6
2024-11-17,Organic Strawberries,Produce,31,6,True,False,6
2024-11-17,Whole Milk (1 gallon),Dairy,98,7,True,False,6
2024-11-18,Hot Dogs (8-pack),Meat,27,2,False,False,0
2024-11-18,Organic Strawberries,Produce,13,2,False,False,0
2024-11-18,Whole Milk (1 gallon),Dairy,76,5,False,False,0
2024-11-19,Hot Dogs (8-pack),Meat,27,2,False,False,1
2024-11-19,Organic Strawberries,Produce,18,2,False,False,1
2024-11-19,Whole Milk (1 gallon),Dairy,68,4,False,False,1
2024-11-20,Hot Dogs (8-pack),Meat,28,2,False,False,2
2024-11-20,Organic Strawberries,Produce,29,4,False,False,2
2024-11-20,Whole Milk (1 gallon),Dairy,106,6,False,False,2
2024-11-21,Hot Dogs (8-pack),Meat,28,2,False,False,3
2024-11-21,Organic Strawberries,Produce,32,5,False,False,3
2024-11-21,Whole Milk (1 gallon),Dairy,118,9,False,False,3
2024-11-22,Hot Dogs (8-pack),Meat,50,3,False,False,4
2024-11-22,Organic Strawberries,Produce,32,19,False,False,4
2024-11-22,Whole Milk (1 gallon),Dairy,91,5,False,False,4
2024-11-23,Hot Dogs (8-pack),Meat,57,4,True,False,5
2024-11-23,Organic Strawberries,Produce,39,7,True,False,5
2024-11-23,Whole Milk (1 gallon),Dairy,154,14,True,False,5
2024-11-24,Hot Dogs (8-pack),Meat,51,3,True,False,6
2024-11-24,Organic Strawberries,Produce,34,7,True,False,6
2024-11-24,Whole Milk (1 gallon),Dairy,118,8,True,False,6
2024-11-25,Hot Dogs (8-pack),Meat,25,2,False,False,0
2024-11-25,Organic Strawberries,Produce,22,2,False,False,0
2024-11-25,Whole Milk (1 gallon),Dairy,121,8,False,False,0
2024-11-26,Hot Dogs (8-pack),Meat,38,3,False,False,1
2024-11-26,Organic Strawberries,Produce,30,5,False,False,1
2024-11-26,Whole Milk (1 gallon),Dairy,102,7,False,False,1
2024-11-27,Hot Dogs (8-pack),Meat,42,4,False,False,2
2024-11-27,Organic Strawberries,Produce,33,6,False,False,2
2024-11-27,Whole Milk (1 gallon),Dairy,135,21,False,False,2
2024-11-28,Hot Dogs (8-pack),Meat,46,4,False,True,3
2024-11-28,Organic Strawberries,Produce,18,9,False,True,3
2024-11-28,Whole Milk (1 gallon),Dairy,116,7,False,True,3
2024-11-29,Hot Dogs (8-pack),Meat,36,5,False,False,4
2024-11-29,Organic Strawberries,Produce,26,5,False,False,4
2024-11-29,Whole Milk (1 gallon),Dairy,126,12,False,False,4
2024-11-30,Hot Dogs (8-pack),Meat,32,2,True,False,5
2024-11-30,Organic Strawberries,Produce,35,5,True,False,5
2024-11-30,Whole Milk (1 gallon),Dairy,96,5,True,False,5
2024-12-01,Hot Dogs (8-pack),Meat,49,3,True,False,6
2024-12-01,Organic Strawberries,Produce,27,5,True,False,6
2024-12-01,Whole Milk (1 gallon),Dairy,121,9,True,False,6
2024-12-02,Hot Dogs (8-pack),Meat,24,2,False,False,0
2024-12-02,Organic Strawberries,Produce,15,2,False,False,0
2024-12-02,Whole Milk (1 gallon),Dairy,83,6,False,False,0
2024-12-03,Hot Dogs (8-pack),Meat,23,1,False,False,1
2024-12-03,Organic Strawberries,Produce,17,2,False,False,1
2024-12-03,Whole Milk (1 gallon),Dairy,92,5,False,False,1
2024-12-04,Hot Dogs (8-pack),Meat,20,1,False,False,2
2024-12-04,Organic Strawberries,Produce,24,3,False,False,2
2024-12-04,Whole Milk (1 gallon),Dairy,90,5,False,False,2
2024-12-05,Hot Dogs (8-pack),Meat,31,3,False,False,3
2024-12-05,Organic Strawberries,Produce,21,4,False,False,3
2024-12-05,Whole Milk (1 gallon),Dairy,115,9,False,False,3
2024-12-06,Hot Dogs (8-pack),Meat,32,3,False,False,4
2024-12-06,Organic Strawberries,Produce,18,2,False,False,4
2024-12-06,Whole Milk (1 gallon),Dairy,126,11,False,False,4
2024-12-07,Hot Dogs (8-pack),Meat,38,3,True,False,5
2024-12-07,Organic Strawberries,Produce,23,4,True,False,5
2024-12-07,Whole Milk (1 gallon),Dairy,117,7,True,False,5
2024-12-08,Hot Dogs (8-pack),Meat,25,2,True,False,6
2024-12-08,Organic Strawberries,Produce,12,2,True,False,6
2024-12-08,Whole Milk (1 gallon),Dairy,113,10,True,False,6
2024-12-09,Hot Dogs (8-pack),Meat,16,1,False,False,0
2024-12-09,Organic Strawberries,Produce,13,2,False,False,0
2024-12-09,Whole Milk (1 gallon),Dairy,70,4,False,False,0
2024-12-10,Hot Dogs (8-pack),Meat,30,2,False,False,1
2024-12-10,Organic Strawberries,Produce,20,3,False,False,1
2024-12-10,Whole Milk (1 gallon),Dairy,107,10,False,False,1
2024-12-11,Hot Dogs (8-pack),Meat,25,1,False,False,2
2024-12-11,Organic Strawberries,Produce,12,2,False,False,2
2024-12-11,Whole Milk (1 gallon),Dairy,83,7,False,False,2
2024-12-12,Hot Dogs (8-pack),Meat,29,2,False,False,3
2024-12-12,Organic Strawberries,Produce,17,2,False,False,3
2024-12-12,Whole Milk (1 gallon),Dairy,61,5,False,False,3
2024-12-13,Hot Dogs (8-pack),Meat,36,4,False,False,4
2024-12-13,Organic Strawberries,Produce,17,3,False,False,4
2024-12-13,Whole Milk (1 gallon),Dairy,99,6,False,False,4
2024-12-14,Hot Dogs (8-pack),Meat,42,4,True,False,5
2024-12-14,Organic Strawberries,Produce,24,5,True,False,5
2024-12-14,Whole Milk (1 gallon),Dairy,150,11,True,False,5
2024-12-15,Hot Dogs (8-pack),Meat,32,3,True,False,6
2024-12-15,Organic Strawberries,Produce,18,3,True,False,6
2024-12-15,Whole Milk (1 gallon),Dairy,77,5,True,False,6
2024-12-16,Hot Dogs (8-pack),Meat,21,1,False,False,0
2024-12-16,Organic Strawberries,Produce,10,1,False,False,0
2024-12-16,Whole Milk (1 gallon),Dairy,87,6,False,False,0
2024-12-17,Hot Dogs (8-pack),Meat,21,4,False,False,1
2024-12-17,Organic Strawberries,Produce,9,1,False,False,1
2024-12-17,Whole Milk (1 gallon),Dairy,104,6,False,False,1
2024-12-18,Hot Dogs (8-pack),Meat,16,1,False,False,2
2024-12-18,Organic Strawberries,Produce,12,2,False,False,2
2024-12-18,Whole Milk (1 gallon),Dairy,69,6,False,False,2
2024-12-19,Hot Dogs (8-pack),Meat,20,1,False,False,3
2024-12-19,Organic Strawberries,Produce,11,3,False,False,3
2024-12-19,Whole Milk (1 gallon),Dairy,127,7,False,False,3
2024-12-20,Hot Dogs (8-pack),Meat,30,2,False,False,4
2024-12-20,Organic Strawberries,Produce,16,2,False,False,4
2024-12-20,Whole Milk (1 gallon),Dairy,107,9,False,False,4
2024-12-21,Hot Dogs (8-pack),Meat,34,2,True,False,5
2024-12-21,Organic Strawberries,Produce,16,2,True,False,5
2024-12-21,Whole Milk (1 gallon),Dairy,126,9,True,False,5
2024-12-22,Hot Dogs (8-pack),Meat,36,3,True,False,6
2024-12-22,Organic Strawberries,Produce,14,2,True,False,6
2024-12-22,Whole Milk (1 gallon),Dairy,127,7,True,False,6
2024-12-23,Hot Dogs (8-pack),Meat,23,1,False,False,0
2024-12-23,Organic Strawberries,Produce,11,1,False,False,0
2024-12-23,Whole Milk (1 gallon),Dairy,164,16,False,False,0
2024-12-24,Hot Dogs (8-pack),Meat,39,3,False,True,1
2024-12-24,Organic Strawberries,Produce,5,0,False,True,1
2024-12-24,Whole Milk (1 gallon),Dairy,130,10,False,True,1
2024-12-25,Hot Dogs (8-pack),Meat,13,1,False,True,2
2024-12-25,Organic Strawberries,Produce,5,0,False,True,2
2024-12-25,Whole Milk (1 gallon),Dairy,165,13,False,True,2
2024-12-26,Hot Dogs (8-pack),Meat,28,2,False,False,3
2024-12-26,Organic Strawberries,Produce,12,1,False,False,3
2024-12-26,Whole Milk (1 gallon),Dairy,80,4,False,False,3
2024-12-27,Hot Dogs (8-pack),Meat,21,2,False,False,4
2024-12-27,Organic Strawberries,Produce,9,2,False,False,4
2024-12-27,Whole Milk (1 gallon),Dairy,95,7,False,False,4
2024-12-28,Hot Dogs (8-pack),Meat,29,2,True,False,5
2024-12-28,Organic Strawberries,Produce,10,1,True,False,5
2024-12-28,Whole Milk (1 gallon),Dairy,106,10,True,False,5
2024-12-29,Hot Dogs (8-pack),Meat,20,1,True,False,6
2024-12-29,Organic Strawberries,Produce,10,1,True,False,6
2024-12-29,Whole Milk (1 gallon),Dairy,150,9,True,False,6
2024-12-30,Hot Dogs (8-pack),Meat,18,4,False,False,0
2024-12-30,Organic Strawberries,Produce,7,2,False,False,0
2024-12-30,Whole Milk (1 gallon),Dairy,96,9,False,False,0
2024-12-31,Hot Dogs (8-pack),Meat,26,4,False,True,1
2024-12-31,Organic Strawberries,Produce,13,2,False,True,1
2024-12-31,Whole Milk (1 gallon),Dairy,130,12,False,True,1
